지역,소멸위험지수,여성_20_39세,65세_이상,기준월,산식
강원특별자치도 강릉시,0.315,18359,58369,2026-06,"20~39세 여성 인구 ÷ 65세 이상 인구 (한국고용정보원 이상호, 2016) · 행안부 주민등록 연령별 인구통계"
강원특별자치도 고성군,0.196,1911,9753,2026-06,"20~39세 여성 인구 ÷ 65세 이상 인구 (한국고용정보원 이상호, 2016) · 행안부 주민등록 연령별 인구통계"
강원특별자치도 동해시,0.279,6543,23433,2026-06,"20~39세 여성 인구 ÷ 65세 이상 인구 (한국고용정보원 이상호, 2016) · 행안부 주민등록 연령별 인구통계"
강원특별자치도 삼척시,0.224,4463,19952,2026-06,"20~39세 여성 인구 ÷ 65세 이상 인구 (한국고용정보원 이상호, 2016) · 행안부 주민등록 연령별 인구통계"
강원특별자치도 속초시,0.319,6747,21146,2026-06,"20~39세 여성 인구 ÷ 65세 이상 인구 (한국고용정보원 이상호, 2016) · 행안부 주민등록 연령별 인구통계"
강원특별자치도 양구군,0.282,1660,5891,2026-06,"20~39세 여성 인구 ÷ 65세 이상 인구 (한국고용정보원 이상호, 2016) · 행안부 주민등록 연령별 인구통계"
강원특별자치도 양양군,0.16,1648,10299,2026-06,"20~39세 여성 인구 ÷ 65세 이상 인구 (한국고용정보원 이상호, 2016) · 행안부 주민등록 연령별 인구통계"
강원특별자치도 영월군,0.138,1934,14054,2026-06,"20~39세 여성 인구 ÷ 65세 이상 인구 (한국고용정보원 이상호, 2016) · 행안부 주민등록 연령별 인구통계"
강원특별자치도 원주시,0.531,40649,76544,2026-06,"20~39세 여성 인구 ÷ 65세 이상 인구 (한국고용정보원 이상호, 2016) · 행안부 주민등록 연령별 인구통계"
강원특별자치도 인제군,0.293,2539,8679,2026-06,"20~39세 여성 인구 ÷ 65세 이상 인구 (한국고용정보원 이상호, 2016) · 행안부 주민등록 연령별 인구통계"
강원특별자치도 정선군,0.155,2011,12956,2026-06,"20~39세 여성 인구 ÷ 65세 이상 인구 (한국고용정보원 이상호, 2016) · 행안부 주민등록 연령별 인구통계"
강원특별자치도 철원군,0.259,3170,12246,2026-06,"20~39세 여성 인구 ÷ 65세 이상 인구 (한국고용정보원 이상호, 2016) · 행안부 주민등록 연령별 인구통계"
강원특별자치도 춘천시,0.493,32800,66488,2026-06,"20~39세 여성 인구 ÷ 65세 이상 인구 (한국고용정보원 이상호, 2016) · 행안부 주민등록 연령별 인구통계"
강원특별자치도 태백시,0.182,2258,12421,2026-06,"20~39세 여성 인구 ÷ 65세 이상 인구 (한국고용정보원 이상호, 2016) · 행안부 주민등록 연령별 인구통계"
강원특별자치도 평창군,0.141,2164,15356,2026-06,"20~39세 여성 인구 ÷ 65세 이상 인구 (한국고용정보원 이상호, 2016) · 행안부 주민등록 연령별 인구통계"
강원특별자치도 홍천군,0.172,4201,24363,2026-06,"20~39세 여성 인구 ÷ 65세 이상 인구 (한국고용정보원 이상호, 2016) · 행안부 주민등록 연령별 인구통계"
강원특별자치도 화천군,0.272,1891,6942,2026-06,"20~39세 여성 인구 ÷ 65세 이상 인구 (한국고용정보원 이상호, 2016) · 행안부 주민등록 연령별 인구통계"
강원특별자치도 횡성군,0.131,2419,18436,2026-06,"20~39세 여성 인구 ÷ 65세 이상 인구 (한국고용정보원 이상호, 2016) · 행안부 주민등록 연령별 인구통계"
경기도 가평군,0.215,4640,21597,2026-06,"20~39세 여성 인구 ÷ 65세 이상 인구 (한국고용정보원 이상호, 2016) · 행안부 주민등록 연령별 인구통계"
경기도 고양시 덕양구,0.622,59987,96407,2026-06,"20~39세 여성 인구 ÷ 65세 이상 인구 (한국고용정보원 이상호, 2016) · 행안부 주민등록 연령별 인구통계"
경기도 고양시 일산동구,0.696,38426,55225,2026-06,"20~39세 여성 인구 ÷ 65세 이상 인구 (한국고용정보원 이상호, 2016) · 행안부 주민등록 연령별 인구통계"
경기도 고양시 일산서구,0.595,31675,53246,2026-06,"20~39세 여성 인구 ÷ 65세 이상 인구 (한국고용정보원 이상호, 2016) · 행안부 주민등록 연령별 인구통계"
경기도 과천시,0.798,10533,13205,2026-06,"20~39세 여성 인구 ÷ 65세 이상 인구 (한국고용정보원 이상호, 2016) · 행안부 주민등록 연령별 인구통계"
경기도 광명시,0.674,38499,57121,2026-06,"20~39세 여성 인구 ÷ 65세 이상 인구 (한국고용정보원 이상호, 2016) · 행안부 주민등록 연령별 인구통계"
경기도 광주시,0.54,42182,78180,2026-06,"20~39세 여성 인구 ÷ 65세 이상 인구 (한국고용정보원 이상호, 2016) · 행안부 주민등록 연령별 인구통계"
경기도 구리시,0.623,23162,37208,2026-06,"20~39세 여성 인구 ÷ 65세 이상 인구 (한국고용정보원 이상호, 2016) · 행안부 주민등록 연령별 인구통계"
경기도 군포시,0.571,29583,51815,2026-06,"20~39세 여성 인구 ÷ 65세 이상 인구 (한국고용정보원 이상호, 2016) · 행안부 주민등록 연령별 인구통계"
경기도 김포시,0.628,53225,84689,2026-06,"20~39세 여성 인구 ÷ 65세 이상 인구 (한국고용정보원 이상호, 2016) · 행안부 주민등록 연령별 인구통계"
경기도 남양주시,0.547,77912,142550,2026-06,"20~39세 여성 인구 ÷ 65세 이상 인구 (한국고용정보원 이상호, 2016) · 행안부 주민등록 연령별 인구통계"
경기도 동두천시,0.313,7631,24403,2026-06,"20~39세 여성 인구 ÷ 65세 이상 인구 (한국고용정보원 이상호, 2016) · 행안부 주민등록 연령별 인구통계"
경기도 부천시 소사구,0.51,25361,49763,2026-06,"20~39세 여성 인구 ÷ 65세 이상 인구 (한국고용정보원 이상호, 2016) · 행안부 주민등록 연령별 인구통계"
경기도 부천시 오정구,0.487,16742,34356,2026-06,"20~39세 여성 인구 ÷ 65세 이상 인구 (한국고용정보원 이상호, 2016) · 행안부 주민등록 연령별 인구통계"
경기도 부천시 원미구,0.635,49017,77244,2026-06,"20~39세 여성 인구 ÷ 65세 이상 인구 (한국고용정보원 이상호, 2016) · 행안부 주민등록 연령별 인구통계"
경기도 성남시 분당구,0.753,60168,79863,2026-06,"20~39세 여성 인구 ÷ 65세 이상 인구 (한국고용정보원 이상호, 2016) · 행안부 주민등록 연령별 인구통계"
경기도 성남시 수정구,0.588,29901,50865,2026-06,"20~39세 여성 인구 ÷ 65세 이상 인구 (한국고용정보원 이상호, 2016) · 행안부 주민등록 연령별 인구통계"
경기도 성남시 중원구,0.557,25157,45149,2026-06,"20~39세 여성 인구 ÷ 65세 이상 인구 (한국고용정보원 이상호, 2016) · 행안부 주민등록 연령별 인구통계"
경기도 수원시 권선구,0.783,48127,61494,2026-06,"20~39세 여성 인구 ÷ 65세 이상 인구 (한국고용정보원 이상호, 2016) · 행안부 주민등록 연령별 인구통계"
경기도 수원시 영통구,1.384,54870,39646,2026-06,"20~39세 여성 인구 ÷ 65세 이상 인구 (한국고용정보원 이상호, 2016) · 행안부 주민등록 연령별 인구통계"
경기도 수원시 장안구,0.656,33402,50880,2026-06,"20~39세 여성 인구 ÷ 65세 이상 인구 (한국고용정보원 이상호, 2016) · 행안부 주민등록 연령별 인구통계"
경기도 수원시 팔달구,0.788,28956,36762,2026-06,"20~39세 여성 인구 ÷ 65세 이상 인구 (한국고용정보원 이상호, 2016) · 행안부 주민등록 연령별 인구통계"
경기도 시흥시,0.803,59953,74706,2026-06,"20~39세 여성 인구 ÷ 65세 이상 인구 (한국고용정보원 이상호, 2016) · 행안부 주민등록 연령별 인구통계"
경기도 안산시 단원구,0.729,35973,49350,2026-06,"20~39세 여성 인구 ÷ 65세 이상 인구 (한국고용정보원 이상호, 2016) · 행안부 주민등록 연령별 인구통계"
경기도 안산시 상록구,0.656,38227,58305,2026-06,"20~39세 여성 인구 ÷ 65세 이상 인구 (한국고용정보원 이상호, 2016) · 행안부 주민등록 연령별 인구통계"
경기도 안성시,0.449,20312,45277,2026-06,"20~39세 여성 인구 ÷ 65세 이상 인구 (한국고용정보원 이상호, 2016) · 행안부 주민등록 연령별 인구통계"
경기도 안양시 동안구,0.777,43217,55606,2026-06,"20~39세 여성 인구 ÷ 65세 이상 인구 (한국고용정보원 이상호, 2016) · 행안부 주민등록 연령별 인구통계"
경기도 안양시 만안구,0.552,29344,53177,2026-06,"20~39세 여성 인구 ÷ 65세 이상 인구 (한국고용정보원 이상호, 2016) · 행안부 주민등록 연령별 인구통계"
경기도 양주시,0.595,33873,56892,2026-06,"20~39세 여성 인구 ÷ 65세 이상 인구 (한국고용정보원 이상호, 2016) · 행안부 주민등록 연령별 인구통계"
경기도 양평군,0.205,8840,43216,2026-06,"20~39세 여성 인구 ÷ 65세 이상 인구 (한국고용정보원 이상호, 2016) · 행안부 주민등록 연령별 인구통계"
경기도 여주시,0.282,9439,33425,2026-06,"20~39세 여성 인구 ÷ 65세 이상 인구 (한국고용정보원 이상호, 2016) · 행안부 주민등록 연령별 인구통계"
경기도 연천군,0.229,3389,14788,2026-06,"20~39세 여성 인구 ÷ 65세 이상 인구 (한국고용정보원 이상호, 2016) · 행안부 주민등록 연령별 인구통계"
경기도 오산시,0.917,31231,34066,2026-06,"20~39세 여성 인구 ÷ 65세 이상 인구 (한국고용정보원 이상호, 2016) · 행안부 주민등록 연령별 인구통계"
경기도 용인시 기흥구,0.664,50687,76321,2026-06,"20~39세 여성 인구 ÷ 65세 이상 인구 (한국고용정보원 이상호, 2016) · 행안부 주민등록 연령별 인구통계"
경기도 용인시 수지구,0.745,44669,59970,2026-06,"20~39세 여성 인구 ÷ 65세 이상 인구 (한국고용정보원 이상호, 2016) · 행안부 주민등록 연령별 인구통계"
경기도 용인시 처인구,0.58,31868,54963,2026-06,"20~39세 여성 인구 ÷ 65세 이상 인구 (한국고용정보원 이상호, 2016) · 행안부 주민등록 연령별 인구통계"
경기도 의왕시,0.633,20826,32901,2026-06,"20~39세 여성 인구 ÷ 65세 이상 인구 (한국고용정보원 이상호, 2016) · 행안부 주민등록 연령별 인구통계"
경기도 의정부시,0.578,55747,96398,2026-06,"20~39세 여성 인구 ÷ 65세 이상 인구 (한국고용정보원 이상호, 2016) · 행안부 주민등록 연령별 인구통계"
경기도 이천시,0.569,24874,43697,2026-06,"20~39세 여성 인구 ÷ 65세 이상 인구 (한국고용정보원 이상호, 2016) · 행안부 주민등록 연령별 인구통계"
경기도 파주시,0.654,61819,94456,2026-06,"20~39세 여성 인구 ÷ 65세 이상 인구 (한국고용정보원 이상호, 2016) · 행안부 주민등록 연령별 인구통계"
경기도 평택시,0.811,75830,93532,2026-06,"20~39세 여성 인구 ÷ 65세 이상 인구 (한국고용정보원 이상호, 2016) · 행안부 주민등록 연령별 인구통계"
경기도 포천시,0.287,11853,41261,2026-06,"20~39세 여성 인구 ÷ 65세 이상 인구 (한국고용정보원 이상호, 2016) · 행안부 주민등록 연령별 인구통계"
경기도 하남시,0.727,41011,56386,2026-06,"20~39세 여성 인구 ÷ 65세 이상 인구 (한국고용정보원 이상호, 2016) · 행안부 주민등록 연령별 인구통계"
경기도 화성시 동탄구,2.024,61549,30404,2026-06,"20~39세 여성 인구 ÷ 65세 이상 인구 (한국고용정보원 이상호, 2016) · 행안부 주민등록 연령별 인구통계"
경기도 화성시 만세구,0.531,22995,43296,2026-06,"20~39세 여성 인구 ÷ 65세 이상 인구 (한국고용정보원 이상호, 2016) · 행안부 주민등록 연령별 인구통계"
경기도 화성시 병점구,1.072,23326,21763,2026-06,"20~39세 여성 인구 ÷ 65세 이상 인구 (한국고용정보원 이상호, 2016) · 행안부 주민등록 연령별 인구통계"
경기도 화성시 효행구,0.783,20065,25627,2026-06,"20~39세 여성 인구 ÷ 65세 이상 인구 (한국고용정보원 이상호, 2016) · 행안부 주민등록 연령별 인구통계"
경상남도 거제시,0.436,17672,40573,2026-06,"20~39세 여성 인구 ÷ 65세 이상 인구 (한국고용정보원 이상호, 2016) · 행안부 주민등록 연령별 인구통계"
경상남도 거창군,0.187,3809,20343,2026-06,"20~39세 여성 인구 ÷ 65세 이상 인구 (한국고용정보원 이상호, 2016) · 행안부 주민등록 연령별 인구통계"
경상남도 고성군,0.111,2107,18942,2026-06,"20~39세 여성 인구 ÷ 65세 이상 인구 (한국고용정보원 이상호, 2016) · 행안부 주민등록 연령별 인구통계"
경상남도 김해시,0.594,53939,90747,2026-06,"20~39세 여성 인구 ÷ 65세 이상 인구 (한국고용정보원 이상호, 2016) · 행안부 주민등록 연령별 인구통계"
경상남도 남해군,0.103,1875,18171,2026-06,"20~39세 여성 인구 ÷ 65세 이상 인구 (한국고용정보원 이상호, 2016) · 행안부 주민등록 연령별 인구통계"
경상남도 밀양시,0.158,5861,37055,2026-06,"20~39세 여성 인구 ÷ 65세 이상 인구 (한국고용정보원 이상호, 2016) · 행안부 주민등록 연령별 인구통계"
경상남도 사천시,0.264,7948,30096,2026-06,"20~39세 여성 인구 ÷ 65세 이상 인구 (한국고용정보원 이상호, 2016) · 행안부 주민등록 연령별 인구통계"
경상남도 산청군,0.092,1388,15044,2026-06,"20~39세 여성 인구 ÷ 65세 이상 인구 (한국고용정보원 이상호, 2016) · 행안부 주민등록 연령별 인구통계"
경상남도 양산시,0.499,35801,71786,2026-06,"20~39세 여성 인구 ÷ 65세 이상 인구 (한국고용정보원 이상호, 2016) · 행안부 주민등록 연령별 인구통계"
경상남도 의령군,0.1,1120,11216,2026-06,"20~39세 여성 인구 ÷ 65세 이상 인구 (한국고용정보원 이상호, 2016) · 행안부 주민등록 연령별 인구통계"
경상남도 진주시,0.454,34776,76620,2026-06,"20~39세 여성 인구 ÷ 65세 이상 인구 (한국고용정보원 이상호, 2016) · 행안부 주민등록 연령별 인구통계"
경상남도 창녕군,0.112,2508,22415,2026-06,"20~39세 여성 인구 ÷ 65세 이상 인구 (한국고용정보원 이상호, 2016) · 행안부 주민등록 연령별 인구통계"
경상남도 창원시 마산합포구,0.305,15055,49425,2026-06,"20~39세 여성 인구 ÷ 65세 이상 인구 (한국고용정보원 이상호, 2016) · 행안부 주민등록 연령별 인구통계"
경상남도 창원시 마산회원구,0.337,15184,45102,2026-06,"20~39세 여성 인구 ÷ 65세 이상 인구 (한국고용정보원 이상호, 2016) · 행안부 주민등록 연령별 인구통계"
경상남도 창원시 성산구,0.749,28157,37569,2026-06,"20~39세 여성 인구 ÷ 65세 이상 인구 (한국고용정보원 이상호, 2016) · 행안부 주민등록 연령별 인구통계"
경상남도 창원시 의창구,0.481,20904,43425,2026-06,"20~39세 여성 인구 ÷ 65세 이상 인구 (한국고용정보원 이상호, 2016) · 행안부 주민등록 연령별 인구통계"
경상남도 창원시 진해구,0.427,16021,37492,2026-06,"20~39세 여성 인구 ÷ 65세 이상 인구 (한국고용정보원 이상호, 2016) · 행안부 주민등록 연령별 인구통계"
경상남도 통영시,0.235,7726,32906,2026-06,"20~39세 여성 인구 ÷ 65세 이상 인구 (한국고용정보원 이상호, 2016) · 행안부 주민등록 연령별 인구통계"
경상남도 하동군,0.094,1675,17739,2026-06,"20~39세 여성 인구 ÷ 65세 이상 인구 (한국고용정보원 이상호, 2016) · 행안부 주민등록 연령별 인구통계"
경상남도 함안군,0.151,2989,19771,2026-06,"20~39세 여성 인구 ÷ 65세 이상 인구 (한국고용정보원 이상호, 2016) · 행안부 주민등록 연령별 인구통계"
경상남도 함양군,0.114,1700,14871,2026-06,"20~39세 여성 인구 ÷ 65세 이상 인구 (한국고용정보원 이상호, 2016) · 행안부 주민등록 연령별 인구통계"
경상남도 합천군,0.082,1545,18921,2026-06,"20~39세 여성 인구 ÷ 65세 이상 인구 (한국고용정보원 이상호, 2016) · 행안부 주민등록 연령별 인구통계"
경상북도 경산시,0.477,28503,59813,2026-06,"20~39세 여성 인구 ÷ 65세 이상 인구 (한국고용정보원 이상호, 2016) · 행안부 주민등록 연령별 인구통계"
경상북도 경주시,0.264,19067,72258,2026-06,"20~39세 여성 인구 ÷ 65세 이상 인구 (한국고용정보원 이상호, 2016) · 행안부 주민등록 연령별 인구통계"
경상북도 고령군,0.124,1505,12167,2026-06,"20~39세 여성 인구 ÷ 65세 이상 인구 (한국고용정보원 이상호, 2016) · 행안부 주민등록 연령별 인구통계"
경상북도 구미시,0.718,43132,60057,2026-06,"20~39세 여성 인구 ÷ 65세 이상 인구 (한국고용정보원 이상호, 2016) · 행안부 주민등록 연령별 인구통계"
경상북도 김천시,0.257,10209,39731,2026-06,"20~39세 여성 인구 ÷ 65세 이상 인구 (한국고용정보원 이상호, 2016) · 행안부 주민등록 연령별 인구통계"
경상북도 문경시,0.151,3814,25279,2026-06,"20~39세 여성 인구 ÷ 65세 이상 인구 (한국고용정보원 이상호, 2016) · 행안부 주민등록 연령별 인구통계"
경상북도 봉화군,0.081,1069,13123,2026-06,"20~39세 여성 인구 ÷ 65세 이상 인구 (한국고용정보원 이상호, 2016) · 행안부 주민등록 연령별 인구통계"
경상북도 상주시,0.145,5098,35206,2026-06,"20~39세 여성 인구 ÷ 65세 이상 인구 (한국고용정보원 이상호, 2016) · 행안부 주민등록 연령별 인구통계"
경상북도 성주군,0.108,1870,17243,2026-06,"20~39세 여성 인구 ÷ 65세 이상 인구 (한국고용정보원 이상호, 2016) · 행안부 주민등록 연령별 인구통계"
경상북도 안동시,0.285,13273,46593,2026-06,"20~39세 여성 인구 ÷ 65세 이상 인구 (한국고용정보원 이상호, 2016) · 행안부 주민등록 연령별 인구통계"
경상북도 영덕군,0.097,1450,14945,2026-06,"20~39세 여성 인구 ÷ 65세 이상 인구 (한국고용정보원 이상호, 2016) · 행안부 주민등록 연령별 인구통계"
경상북도 영양군,0.114,803,7035,2026-06,"20~39세 여성 인구 ÷ 65세 이상 인구 (한국고용정보원 이상호, 2016) · 행안부 주민등록 연령별 인구통계"
경상북도 영주시,0.194,6462,33229,2026-06,"20~39세 여성 인구 ÷ 65세 이상 인구 (한국고용정보원 이상호, 2016) · 행안부 주민등록 연령별 인구통계"
경상북도 영천시,0.17,5882,34662,2026-06,"20~39세 여성 인구 ÷ 65세 이상 인구 (한국고용정보원 이상호, 2016) · 행안부 주민등록 연령별 인구통계"
경상북도 예천군,0.196,3702,18847,2026-06,"20~39세 여성 인구 ÷ 65세 이상 인구 (한국고용정보원 이상호, 2016) · 행안부 주민등록 연령별 인구통계"
경상북도 울릉군,0.166,482,2900,2026-06,"20~39세 여성 인구 ÷ 65세 이상 인구 (한국고용정보원 이상호, 2016) · 행안부 주민등록 연령별 인구통계"
경상북도 울진군,0.195,3114,15934,2026-06,"20~39세 여성 인구 ÷ 65세 이상 인구 (한국고용정보원 이상호, 2016) · 행안부 주민등록 연령별 인구통계"
경상북도 의성군,0.079,1899,24027,2026-06,"20~39세 여성 인구 ÷ 65세 이상 인구 (한국고용정보원 이상호, 2016) · 행안부 주민등록 연령별 인구통계"
경상북도 청도군,0.086,1629,19045,2026-06,"20~39세 여성 인구 ÷ 65세 이상 인구 (한국고용정보원 이상호, 2016) · 행안부 주민등록 연령별 인구통계"
경상북도 청송군,0.104,1126,10843,2026-06,"20~39세 여성 인구 ÷ 65세 이상 인구 (한국고용정보원 이상호, 2016) · 행안부 주민등록 연령별 인구통계"
경상북도 칠곡군,0.31,7372,23770,2026-06,"20~39세 여성 인구 ÷ 65세 이상 인구 (한국고용정보원 이상호, 2016) · 행안부 주민등록 연령별 인구통계"
경상북도 포항시 남구,0.305,16731,54819,2026-06,"20~39세 여성 인구 ÷ 65세 이상 인구 (한국고용정보원 이상호, 2016) · 행안부 주민등록 연령별 인구통계"
경상북도 포항시 북구,0.383,25280,65981,2026-06,"20~39세 여성 인구 ÷ 65세 이상 인구 (한국고용정보원 이상호, 2016) · 행안부 주민등록 연령별 인구통계"
광주광역시 광산구,0.875,45834,52385,2026-06,"20~39세 여성 인구 ÷ 65세 이상 인구 (한국고용정보원 이상호, 2016) · 행안부 주민등록 연령별 인구통계"
광주광역시 남구,0.449,21450,47751,2026-06,"20~39세 여성 인구 ÷ 65세 이상 인구 (한국고용정보원 이상호, 2016) · 행안부 주민등록 연령별 인구통계"
광주광역시 동구,0.517,13606,26334,2026-06,"20~39세 여성 인구 ÷ 65세 이상 인구 (한국고용정보원 이상호, 2016) · 행안부 주민등록 연령별 인구통계"
광주광역시 북구,0.56,48505,86558,2026-06,"20~39세 여성 인구 ÷ 65세 이상 인구 (한국고용정보원 이상호, 2016) · 행안부 주민등록 연령별 인구통계"
광주광역시 서구,0.601,33134,55087,2026-06,"20~39세 여성 인구 ÷ 65세 이상 인구 (한국고용정보원 이상호, 2016) · 행안부 주민등록 연령별 인구통계"
대구광역시 군위군,0.074,838,11296,2026-06,"20~39세 여성 인구 ÷ 65세 이상 인구 (한국고용정보원 이상호, 2016) · 행안부 주민등록 연령별 인구통계"
대구광역시 남구,0.427,17167,40203,2026-06,"20~39세 여성 인구 ÷ 65세 이상 인구 (한국고용정보원 이상호, 2016) · 행안부 주민등록 연령별 인구통계"
대구광역시 달서구,0.497,55187,111111,2026-06,"20~39세 여성 인구 ÷ 65세 이상 인구 (한국고용정보원 이상호, 2016) · 행안부 주민등록 연령별 인구통계"
대구광역시 달성군,0.506,24170,47722,2026-06,"20~39세 여성 인구 ÷ 65세 이상 인구 (한국고용정보원 이상호, 2016) · 행안부 주민등록 연령별 인구통계"
대구광역시 동구,0.419,36415,86908,2026-06,"20~39세 여성 인구 ÷ 65세 이상 인구 (한국고용정보원 이상호, 2016) · 행안부 주민등록 연령별 인구통계"
대구광역시 북구,0.523,44880,85869,2026-06,"20~39세 여성 인구 ÷ 65세 이상 인구 (한국고용정보원 이상호, 2016) · 행안부 주민등록 연령별 인구통계"
대구광역시 서구,0.315,15345,48739,2026-06,"20~39세 여성 인구 ÷ 65세 이상 인구 (한국고용정보원 이상호, 2016) · 행안부 주민등록 연령별 인구통계"
대구광역시 수성구,0.477,40742,85343,2026-06,"20~39세 여성 인구 ÷ 65세 이상 인구 (한국고용정보원 이상호, 2016) · 행안부 주민등록 연령별 인구통계"
대구광역시 중구,0.883,16601,18811,2026-06,"20~39세 여성 인구 ÷ 65세 이상 인구 (한국고용정보원 이상호, 2016) · 행안부 주민등록 연령별 인구통계"
대전광역시 대덕구,0.427,16642,38941,2026-06,"20~39세 여성 인구 ÷ 65세 이상 인구 (한국고용정보원 이상호, 2016) · 행안부 주민등록 연령별 인구통계"
대전광역시 동구,0.451,24457,54207,2026-06,"20~39세 여성 인구 ÷ 65세 이상 인구 (한국고용정보원 이상호, 2016) · 행안부 주민등록 연령별 인구통계"
대전광역시 서구,0.752,63189,84043,2026-06,"20~39세 여성 인구 ÷ 65세 이상 인구 (한국고용정보원 이상호, 2016) · 행안부 주민등록 연령별 인구통계"
대전광역시 유성구,0.998,51443,51566,2026-06,"20~39세 여성 인구 ÷ 65세 이상 인구 (한국고용정보원 이상호, 2016) · 행안부 주민등록 연령별 인구통계"
대전광역시 중구,0.444,25080,56540,2026-06,"20~39세 여성 인구 ÷ 65세 이상 인구 (한국고용정보원 이상호, 2016) · 행안부 주민등록 연령별 인구통계"
부산광역시 강서구,0.699,16643,23798,2026-06,"20~39세 여성 인구 ÷ 65세 이상 인구 (한국고용정보원 이상호, 2016) · 행안부 주민등록 연령별 인구통계"
부산광역시 금정구,0.352,21198,60192,2026-06,"20~39세 여성 인구 ÷ 65세 이상 인구 (한국고용정보원 이상호, 2016) · 행안부 주민등록 연령별 인구통계"
부산광역시 기장군,0.435,16359,37583,2026-06,"20~39세 여성 인구 ÷ 65세 이상 인구 (한국고용정보원 이상호, 2016) · 행안부 주민등록 연령별 인구통계"
부산광역시 남구,0.428,28045,65555,2026-06,"20~39세 여성 인구 ÷ 65세 이상 인구 (한국고용정보원 이상호, 2016) · 행안부 주민등록 연령별 인구통계"
부산광역시 동구,0.344,9141,26547,2026-06,"20~39세 여성 인구 ÷ 65세 이상 인구 (한국고용정보원 이상호, 2016) · 행안부 주민등록 연령별 인구통계"
부산광역시 동래구,0.43,28198,65555,2026-06,"20~39세 여성 인구 ÷ 65세 이상 인구 (한국고용정보원 이상호, 2016) · 행안부 주민등록 연령별 인구통계"
부산광역시 부산진구,0.572,51346,89706,2026-06,"20~39세 여성 인구 ÷ 65세 이상 인구 (한국고용정보원 이상호, 2016) · 행안부 주민등록 연령별 인구통계"
부산광역시 북구,0.372,25819,69412,2026-06,"20~39세 여성 인구 ÷ 65세 이상 인구 (한국고용정보원 이상호, 2016) · 행안부 주민등록 연령별 인구통계"
부산광역시 사상구,0.378,20161,53336,2026-06,"20~39세 여성 인구 ÷ 65세 이상 인구 (한국고용정보원 이상호, 2016) · 행안부 주민등록 연령별 인구통계"
부산광역시 사하구,0.34,26644,78434,2026-06,"20~39세 여성 인구 ÷ 65세 이상 인구 (한국고용정보원 이상호, 2016) · 행안부 주민등록 연령별 인구통계"
부산광역시 서구,0.322,10402,32261,2026-06,"20~39세 여성 인구 ÷ 65세 이상 인구 (한국고용정보원 이상호, 2016) · 행안부 주민등록 연령별 인구통계"
부산광역시 수영구,0.459,21364,46555,2026-06,"20~39세 여성 인구 ÷ 65세 이상 인구 (한국고용정보원 이상호, 2016) · 행안부 주민등록 연령별 인구통계"
부산광역시 연제구,0.477,25055,52516,2026-06,"20~39세 여성 인구 ÷ 65세 이상 인구 (한국고용정보원 이상호, 2016) · 행안부 주민등록 연령별 인구통계"
부산광역시 영도구,0.216,7829,36257,2026-06,"20~39세 여성 인구 ÷ 65세 이상 인구 (한국고용정보원 이상호, 2016) · 행안부 주민등록 연령별 인구통계"
부산광역시 중구,0.333,4241,12724,2026-06,"20~39세 여성 인구 ÷ 65세 이상 인구 (한국고용정보원 이상호, 2016) · 행안부 주민등록 연령별 인구통계"
부산광역시 해운대구,0.413,37173,89956,2026-06,"20~39세 여성 인구 ÷ 65세 이상 인구 (한국고용정보원 이상호, 2016) · 행안부 주민등록 연령별 인구통계"
서울특별시 강남구,0.766,74783,97588,2026-06,"20~39세 여성 인구 ÷ 65세 이상 인구 (한국고용정보원 이상호, 2016) · 행안부 주민등록 연령별 인구통계"
서울특별시 강동구,0.674,67962,100813,2026-06,"20~39세 여성 인구 ÷ 65세 이상 인구 (한국고용정보원 이상호, 2016) · 행안부 주민등록 연령별 인구통계"
서울특별시 강북구,0.454,34446,75944,2026-06,"20~39세 여성 인구 ÷ 65세 이상 인구 (한국고용정보원 이상호, 2016) · 행안부 주민등록 연령별 인구통계"
서울특별시 강서구,0.75,87359,116416,2026-06,"20~39세 여성 인구 ÷ 65세 이상 인구 (한국고용정보원 이상호, 2016) · 행안부 주민등록 연령별 인구통계"
서울특별시 관악구,1.007,94684,94060,2026-06,"20~39세 여성 인구 ÷ 65세 이상 인구 (한국고용정보원 이상호, 2016) · 행안부 주민등록 연령별 인구통계"
서울특별시 광진구,0.911,58308,64022,2026-06,"20~39세 여성 인구 ÷ 65세 이상 인구 (한국고용정보원 이상호, 2016) · 행안부 주민등록 연령별 인구통계"
서울특별시 구로구,0.613,53979,88085,2026-06,"20~39세 여성 인구 ÷ 65세 이상 인구 (한국고용정보원 이상호, 2016) · 행안부 주민등록 연령별 인구통계"
서울특별시 금천구,0.673,34361,51091,2026-06,"20~39세 여성 인구 ÷ 65세 이상 인구 (한국고용정보원 이상호, 2016) · 행안부 주민등록 연령별 인구통계"
서울특별시 노원구,0.565,60460,107095,2026-06,"20~39세 여성 인구 ÷ 65세 이상 인구 (한국고용정보원 이상호, 2016) · 행안부 주민등록 연령별 인구통계"
서울특별시 도봉구,0.43,34522,80304,2026-06,"20~39세 여성 인구 ÷ 65세 이상 인구 (한국고용정보원 이상호, 2016) · 행안부 주민등록 연령별 인구통계"
서울특별시 동대문구,0.77,57439,74629,2026-06,"20~39세 여성 인구 ÷ 65세 이상 인구 (한국고용정보원 이상호, 2016) · 행안부 주민등록 연령별 인구통계"
서울특별시 동작구,0.797,61458,77106,2026-06,"20~39세 여성 인구 ÷ 65세 이상 인구 (한국고용정보원 이상호, 2016) · 행안부 주민등록 연령별 인구통계"
서울특별시 마포구,1.029,64842,62999,2026-06,"20~39세 여성 인구 ÷ 65세 이상 인구 (한국고용정보원 이상호, 2016) · 행안부 주민등록 연령별 인구통계"
서울특별시 서대문구,0.752,47627,63351,2026-06,"20~39세 여성 인구 ÷ 65세 이상 인구 (한국고용정보원 이상호, 2016) · 행안부 주민등록 연령별 인구통계"
서울특별시 서초구,0.753,55655,73931,2026-06,"20~39세 여성 인구 ÷ 65세 이상 인구 (한국고용정보원 이상호, 2016) · 행안부 주민등록 연령별 인구통계"
서울특별시 성동구,0.811,44155,54447,2026-06,"20~39세 여성 인구 ÷ 65세 이상 인구 (한국고용정보원 이상호, 2016) · 행안부 주민등록 연령별 인구통계"
서울특별시 성북구,0.694,61858,89110,2026-06,"20~39세 여성 인구 ÷ 65세 이상 인구 (한국고용정보원 이상호, 2016) · 행안부 주민등록 연령별 인구통계"
서울특별시 송파구,0.776,95737,123327,2026-06,"20~39세 여성 인구 ÷ 65세 이상 인구 (한국고용정보원 이상호, 2016) · 행안부 주민등록 연령별 인구통계"
서울특별시 양천구,0.56,48439,86569,2026-06,"20~39세 여성 인구 ÷ 65세 이상 인구 (한국고용정보원 이상호, 2016) · 행안부 주민등록 연령별 인구통계"
서울특별시 영등포구,0.909,66288,72898,2026-06,"20~39세 여성 인구 ÷ 65세 이상 인구 (한국고용정보원 이상호, 2016) · 행안부 주민등록 연령별 인구통계"
서울특별시 용산구,0.831,33322,40120,2026-06,"20~39세 여성 인구 ÷ 65세 이상 인구 (한국고용정보원 이상호, 2016) · 행안부 주민등록 연령별 인구통계"
서울특별시 은평구,0.606,63600,104893,2026-06,"20~39세 여성 인구 ÷ 65세 이상 인구 (한국고용정보원 이상호, 2016) · 행안부 주민등록 연령별 인구통계"
서울특별시 종로구,0.662,20711,31263,2026-06,"20~39세 여성 인구 ÷ 65세 이상 인구 (한국고용정보원 이상호, 2016) · 행안부 주민등록 연령별 인구통계"
서울특별시 중구,0.693,19191,27701,2026-06,"20~39세 여성 인구 ÷ 65세 이상 인구 (한국고용정보원 이상호, 2016) · 행안부 주민등록 연령별 인구통계"
서울특별시 중랑구,0.579,52536,90782,2026-06,"20~39세 여성 인구 ÷ 65세 이상 인구 (한국고용정보원 이상호, 2016) · 행안부 주민등록 연령별 인구통계"
세종특별자치시 세종특별자치시,0.926,46174,49871,2026-06,"20~39세 여성 인구 ÷ 65세 이상 인구 (한국고용정보원 이상호, 2016) · 행안부 주민등록 연령별 인구통계"
울산광역시 남구,0.584,33223,56898,2026-06,"20~39세 여성 인구 ÷ 65세 이상 인구 (한국고용정보원 이상호, 2016) · 행안부 주민등록 연령별 인구통계"
울산광역시 동구,0.423,13015,30798,2026-06,"20~39세 여성 인구 ÷ 65세 이상 인구 (한국고용정보원 이상호, 2016) · 행안부 주민등록 연령별 인구통계"
울산광역시 북구,0.717,21193,29555,2026-06,"20~39세 여성 인구 ÷ 65세 이상 인구 (한국고용정보원 이상호, 2016) · 행안부 주민등록 연령별 인구통계"
울산광역시 울주군,0.402,19372,48168,2026-06,"20~39세 여성 인구 ÷ 65세 이상 인구 (한국고용정보원 이상호, 2016) · 행안부 주민등록 연령별 인구통계"
울산광역시 중구,0.413,19078,46142,2026-06,"20~39세 여성 인구 ÷ 65세 이상 인구 (한국고용정보원 이상호, 2016) · 행안부 주민등록 연령별 인구통계"
인천광역시 강화군,0.137,3992,29163,2026-06,"20~39세 여성 인구 ÷ 65세 이상 인구 (한국고용정보원 이상호, 2016) · 행안부 주민등록 연령별 인구통계"
인천광역시 계양구,0.541,31820,58847,2026-06,"20~39세 여성 인구 ÷ 65세 이상 인구 (한국고용정보원 이상호, 2016) · 행안부 주민등록 연령별 인구통계"
인천광역시 남동구,0.529,54108,102290,2026-06,"20~39세 여성 인구 ÷ 65세 이상 인구 (한국고용정보원 이상호, 2016) · 행안부 주민등록 연령별 인구통계"
인천광역시 동구,0.328,5536,16881,2026-06,"20~39세 여성 인구 ÷ 65세 이상 인구 (한국고용정보원 이상호, 2016) · 행안부 주민등록 연령별 인구통계"
인천광역시 미추홀구,0.543,50139,92292,2026-06,"20~39세 여성 인구 ÷ 65세 이상 인구 (한국고용정보원 이상호, 2016) · 행안부 주민등록 연령별 인구통계"
인천광역시 부평구,0.595,61501,103325,2026-06,"20~39세 여성 인구 ÷ 65세 이상 인구 (한국고용정보원 이상호, 2016) · 행안부 주민등록 연령별 인구통계"
인천광역시 서구,0.861,84866,98623,2026-06,"20~39세 여성 인구 ÷ 65세 이상 인구 (한국고용정보원 이상호, 2016) · 행안부 주민등록 연령별 인구통계"
인천광역시 연수구,0.835,50092,60007,2026-06,"20~39세 여성 인구 ÷ 65세 이상 인구 (한국고용정보원 이상호, 2016) · 행안부 주민등록 연령별 인구통계"
인천광역시 옹진군,0.15,1089,7265,2026-06,"20~39세 여성 인구 ÷ 65세 이상 인구 (한국고용정보원 이상호, 2016) · 행안부 주민등록 연령별 인구통계"
인천광역시 중구,0.809,24352,30100,2026-06,"20~39세 여성 인구 ÷ 65세 이상 인구 (한국고용정보원 이상호, 2016) · 행안부 주민등록 연령별 인구통계"
전라남도 강진군,0.144,1882,13064,2026-06,"20~39세 여성 인구 ÷ 65세 이상 인구 (한국고용정보원 이상호, 2016) · 행안부 주민등록 연령별 인구통계"
전라남도 고흥군,0.091,2586,28413,2026-06,"20~39세 여성 인구 ÷ 65세 이상 인구 (한국고용정보원 이상호, 2016) · 행안부 주민등록 연령별 인구통계"
전라남도 곡성군,0.142,1648,11583,2026-06,"20~39세 여성 인구 ÷ 65세 이상 인구 (한국고용정보원 이상호, 2016) · 행안부 주민등록 연령별 인구통계"
전라남도 광양시,0.553,15562,28148,2026-06,"20~39세 여성 인구 ÷ 65세 이상 인구 (한국고용정보원 이상호, 2016) · 행안부 주민등록 연령별 인구통계"
전라남도 구례군,0.13,1320,10138,2026-06,"20~39세 여성 인구 ÷ 65세 이상 인구 (한국고용정보원 이상호, 2016) · 행안부 주민등록 연령별 인구통계"
전라남도 나주시,0.382,11748,30728,2026-06,"20~39세 여성 인구 ÷ 65세 이상 인구 (한국고용정보원 이상호, 2016) · 행안부 주민등록 연령별 인구통계"
전라남도 담양군,0.166,2800,16914,2026-06,"20~39세 여성 인구 ÷ 65세 이상 인구 (한국고용정보원 이상호, 2016) · 행안부 주민등록 연령별 인구통계"
전라남도 목포시,0.387,18332,47425,2026-06,"20~39세 여성 인구 ÷ 65세 이상 인구 (한국고용정보원 이상호, 2016) · 행안부 주민등록 연령별 인구통계"
전라남도 무안군,0.473,9860,20837,2026-06,"20~39세 여성 인구 ÷ 65세 이상 인구 (한국고용정보원 이상호, 2016) · 행안부 주민등록 연령별 인구통계"
전라남도 보성군,0.114,1931,16869,2026-06,"20~39세 여성 인구 ÷ 65세 이상 인구 (한국고용정보원 이상호, 2016) · 행안부 주민등록 연령별 인구통계"
전라남도 순천시,0.491,28768,58612,2026-06,"20~39세 여성 인구 ÷ 65세 이상 인구 (한국고용정보원 이상호, 2016) · 행안부 주민등록 연령별 인구통계"
전라남도 신안군,0.136,2236,16501,2026-06,"20~39세 여성 인구 ÷ 65세 이상 인구 (한국고용정보원 이상호, 2016) · 행안부 주민등록 연령별 인구통계"
전라남도 여수시,0.334,22829,68279,2026-06,"20~39세 여성 인구 ÷ 65세 이상 인구 (한국고용정보원 이상호, 2016) · 행안부 주민등록 연령별 인구통계"
전라남도 영광군,0.256,4530,17674,2026-06,"20~39세 여성 인구 ÷ 65세 이상 인구 (한국고용정보원 이상호, 2016) · 행안부 주민등록 연령별 인구통계"
전라남도 영암군,0.193,3164,16430,2026-06,"20~39세 여성 인구 ÷ 65세 이상 인구 (한국고용정보원 이상호, 2016) · 행안부 주민등록 연령별 인구통계"
전라남도 완도군,0.131,2302,17538,2026-06,"20~39세 여성 인구 ÷ 65세 이상 인구 (한국고용정보원 이상호, 2016) · 행안부 주민등록 연령별 인구통계"
전라남도 장성군,0.195,3003,15429,2026-06,"20~39세 여성 인구 ÷ 65세 이상 인구 (한국고용정보원 이상호, 2016) · 행안부 주민등록 연령별 인구통계"
전라남도 장흥군,0.137,1917,13971,2026-06,"20~39세 여성 인구 ÷ 65세 이상 인구 (한국고용정보원 이상호, 2016) · 행안부 주민등록 연령별 인구통계"
전라남도 진도군,0.141,1591,11249,2026-06,"20~39세 여성 인구 ÷ 65세 이상 인구 (한국고용정보원 이상호, 2016) · 행안부 주민등록 연령별 인구통계"
전라남도 함평군,0.125,1595,12736,2026-06,"20~39세 여성 인구 ÷ 65세 이상 인구 (한국고용정보원 이상호, 2016) · 행안부 주민등록 연령별 인구통계"
전라남도 해남군,0.143,3526,24626,2026-06,"20~39세 여성 인구 ÷ 65세 이상 인구 (한국고용정보원 이상호, 2016) · 행안부 주민등록 연령별 인구통계"
전라남도 화순군,0.246,4893,19853,2026-06,"20~39세 여성 인구 ÷ 65세 이상 인구 (한국고용정보원 이상호, 2016) · 행안부 주민등록 연령별 인구통계"
전북특별자치도 고창군,0.13,2719,20870,2026-06,"20~39세 여성 인구 ÷ 65세 이상 인구 (한국고용정보원 이상호, 2016) · 행안부 주민등록 연령별 인구통계"
전북특별자치도 군산시,0.347,22265,64219,2026-06,"20~39세 여성 인구 ÷ 65세 이상 인구 (한국고용정보원 이상호, 2016) · 행안부 주민등록 연령별 인구통계"
전북특별자치도 김제시,0.2,6001,30000,2026-06,"20~39세 여성 인구 ÷ 65세 이상 인구 (한국고용정보원 이상호, 2016) · 행안부 주민등록 연령별 인구통계"
전북특별자치도 남원시,0.188,4926,26161,2026-06,"20~39세 여성 인구 ÷ 65세 이상 인구 (한국고용정보원 이상호, 2016) · 행안부 주민등록 연령별 인구통계"
전북특별자치도 무주군,0.146,1368,9356,2026-06,"20~39세 여성 인구 ÷ 65세 이상 인구 (한국고용정보원 이상호, 2016) · 행안부 주민등록 연령별 인구통계"
전북특별자치도 부안군,0.132,2533,19234,2026-06,"20~39세 여성 인구 ÷ 65세 이상 인구 (한국고용정보원 이상호, 2016) · 행안부 주민등록 연령별 인구통계"
전북특별자치도 순창군,0.16,1730,10831,2026-06,"20~39세 여성 인구 ÷ 65세 이상 인구 (한국고용정보원 이상호, 2016) · 행안부 주민등록 연령별 인구통계"
전북특별자치도 완주군,0.332,9157,27560,2026-06,"20~39세 여성 인구 ÷ 65세 이상 인구 (한국고용정보원 이상호, 2016) · 행안부 주민등록 연령별 인구통계"
전북특별자치도 익산시,0.365,25585,70191,2026-06,"20~39세 여성 인구 ÷ 65세 이상 인구 (한국고용정보원 이상호, 2016) · 행안부 주민등록 연령별 인구통계"
전북특별자치도 임실군,0.12,1340,11198,2026-06,"20~39세 여성 인구 ÷ 65세 이상 인구 (한국고용정보원 이상호, 2016) · 행안부 주민등록 연령별 인구통계"
전북특별자치도 장수군,0.139,1220,8755,2026-06,"20~39세 여성 인구 ÷ 65세 이상 인구 (한국고용정보원 이상호, 2016) · 행안부 주민등록 연령별 인구통계"
전북특별자치도 전주시 덕진구,0.618,35539,57541,2026-06,"20~39세 여성 인구 ÷ 65세 이상 인구 (한국고용정보원 이상호, 2016) · 행안부 주민등록 연령별 인구통계"
전북특별자치도 전주시 완산구,0.512,35583,69448,2026-06,"20~39세 여성 인구 ÷ 65세 이상 인구 (한국고용정보원 이상호, 2016) · 행안부 주민등록 연령별 인구통계"
전북특별자치도 정읍시,0.209,7158,34282,2026-06,"20~39세 여성 인구 ÷ 65세 이상 인구 (한국고용정보원 이상호, 2016) · 행안부 주민등록 연령별 인구통계"
전북특별자치도 진안군,0.132,1386,10514,2026-06,"20~39세 여성 인구 ÷ 65세 이상 인구 (한국고용정보원 이상호, 2016) · 행안부 주민등록 연령별 인구통계"
제주특별자치도 서귀포시,0.327,14593,44626,2026-06,"20~39세 여성 인구 ÷ 65세 이상 인구 (한국고용정보원 이상호, 2016) · 행안부 주민등록 연령별 인구통계"
제주특별자치도 제주시,0.573,52788,92096,2026-06,"20~39세 여성 인구 ÷ 65세 이상 인구 (한국고용정보원 이상호, 2016) · 행안부 주민등록 연령별 인구통계"
충청남도 계룡시,0.567,4429,7812,2026-06,"20~39세 여성 인구 ÷ 65세 이상 인구 (한국고용정보원 이상호, 2016) · 행안부 주민등록 연령별 인구통계"
충청남도 공주시,0.251,8521,34013,2026-06,"20~39세 여성 인구 ÷ 65세 이상 인구 (한국고용정보원 이상호, 2016) · 행안부 주민등록 연령별 인구통계"
충청남도 금산군,0.138,2651,19220,2026-06,"20~39세 여성 인구 ÷ 65세 이상 인구 (한국고용정보원 이상호, 2016) · 행안부 주민등록 연령별 인구통계"
충청남도 논산시,0.208,7603,36530,2026-06,"20~39세 여성 인구 ÷ 65세 이상 인구 (한국고용정보원 이상호, 2016) · 행안부 주민등록 연령별 인구통계"
충청남도 당진시,0.351,14100,40186,2026-06,"20~39세 여성 인구 ÷ 65세 이상 인구 (한국고용정보원 이상호, 2016) · 행안부 주민등록 연령별 인구통계"
충청남도 보령시,0.194,6089,31418,2026-06,"20~39세 여성 인구 ÷ 65세 이상 인구 (한국고용정보원 이상호, 2016) · 행안부 주민등록 연령별 인구통계"
충청남도 부여군,0.119,3039,25613,2026-06,"20~39세 여성 인구 ÷ 65세 이상 인구 (한국고용정보원 이상호, 2016) · 행안부 주민등록 연령별 인구통계"
충청남도 서산시,0.334,14010,41975,2026-06,"20~39세 여성 인구 ÷ 65세 이상 인구 (한국고용정보원 이상호, 2016) · 행안부 주민등록 연령별 인구통계"
충청남도 서천군,0.111,2331,20945,2026-06,"20~39세 여성 인구 ÷ 65세 이상 인구 (한국고용정보원 이상호, 2016) · 행안부 주민등록 연령별 인구통계"
충청남도 아산시,0.694,40972,59018,2026-06,"20~39세 여성 인구 ÷ 65세 이상 인구 (한국고용정보원 이상호, 2016) · 행안부 주민등록 연령별 인구통계"
충청남도 예산군,0.182,5318,29283,2026-06,"20~39세 여성 인구 ÷ 65세 이상 인구 (한국고용정보원 이상호, 2016) · 행안부 주민등록 연령별 인구통계"
충청남도 천안시 동남구,0.578,30428,52621,2026-06,"20~39세 여성 인구 ÷ 65세 이상 인구 (한국고용정보원 이상호, 2016) · 행안부 주민등록 연령별 인구통계"
충청남도 천안시 서북구,1.028,53922,52430,2026-06,"20~39세 여성 인구 ÷ 65세 이상 인구 (한국고용정보원 이상호, 2016) · 행안부 주민등록 연령별 인구통계"
충청남도 청양군,0.127,1647,12963,2026-06,"20~39세 여성 인구 ÷ 65세 이상 인구 (한국고용정보원 이상호, 2016) · 행안부 주민등록 연령별 인구통계"
충청남도 태안군,0.132,3162,24025,2026-06,"20~39세 여성 인구 ÷ 65세 이상 인구 (한국고용정보원 이상호, 2016) · 행안부 주민등록 연령별 인구통계"
충청남도 홍성군,0.295,8627,29222,2026-06,"20~39세 여성 인구 ÷ 65세 이상 인구 (한국고용정보원 이상호, 2016) · 행안부 주민등록 연령별 인구통계"
충청북도 괴산군,0.109,1786,16412,2026-06,"20~39세 여성 인구 ÷ 65세 이상 인구 (한국고용정보원 이상호, 2016) · 행안부 주민등록 연령별 인구통계"
충청북도 단양군,0.115,1300,11286,2026-06,"20~39세 여성 인구 ÷ 65세 이상 인구 (한국고용정보원 이상호, 2016) · 행안부 주민등록 연령별 인구통계"
충청북도 보은군,0.117,1588,13525,2026-06,"20~39세 여성 인구 ÷ 65세 이상 인구 (한국고용정보원 이상호, 2016) · 행안부 주민등록 연령별 인구통계"
충청북도 영동군,0.136,2425,17768,2026-06,"20~39세 여성 인구 ÷ 65세 이상 인구 (한국고용정보원 이상호, 2016) · 행안부 주민등록 연령별 인구통계"
충청북도 옥천군,0.17,3214,18901,2026-06,"20~39세 여성 인구 ÷ 65세 이상 인구 (한국고용정보원 이상호, 2016) · 행안부 주민등록 연령별 인구통계"
충청북도 음성군,0.29,7658,26403,2026-06,"20~39세 여성 인구 ÷ 65세 이상 인구 (한국고용정보원 이상호, 2016) · 행안부 주민등록 연령별 인구통계"
충청북도 제천시,0.278,10655,38381,2026-06,"20~39세 여성 인구 ÷ 65세 이상 인구 (한국고용정보원 이상호, 2016) · 행안부 주민등록 연령별 인구통계"
충청북도 증평군,0.388,3405,8781,2026-06,"20~39세 여성 인구 ÷ 65세 이상 인구 (한국고용정보원 이상호, 2016) · 행안부 주민등록 연령별 인구통계"
충청북도 진천군,0.412,7604,18464,2026-06,"20~39세 여성 인구 ÷ 65세 이상 인구 (한국고용정보원 이상호, 2016) · 행안부 주민등록 연령별 인구통계"
충청북도 청주시 상당구,0.497,20285,40798,2026-06,"20~39세 여성 인구 ÷ 65세 이상 인구 (한국고용정보원 이상호, 2016) · 행안부 주민등록 연령별 인구통계"
충청북도 청주시 서원구,0.548,21772,39755,2026-06,"20~39세 여성 인구 ÷ 65세 이상 인구 (한국고용정보원 이상호, 2016) · 행안부 주민등록 연령별 인구통계"
충청북도 청주시 청원구,0.633,21182,33438,2026-06,"20~39세 여성 인구 ÷ 65세 이상 인구 (한국고용정보원 이상호, 2016) · 행안부 주민등록 연령별 인구통계"
충청북도 청주시 흥덕구,0.903,39350,43598,2026-06,"20~39세 여성 인구 ÷ 65세 이상 인구 (한국고용정보원 이상호, 2016) · 행안부 주민등록 연령별 인구통계"
충청북도 충주시,0.332,18268,54980,2026-06,"20~39세 여성 인구 ÷ 65세 이상 인구 (한국고용정보원 이상호, 2016) · 행안부 주민등록 연령별 인구통계"
